{
    "available_space": true,
    "id": "l1",
    "size_max": 47.05478763580322,
    "size_mean": 8.88727073063926,
    "size_min": 0.8503589630126953,
    "total_size": 559.8980560302734
}