{
    "available_space": true,
    "id": "l1",
    "size_max": 47.05478763580322,
    "size_mean": 9.189047322954451,
    "size_min": 0.8503589630126953,
    "total_size": 643.2333126068115
}