{
    "available_space": false,
    "id": "l1",
    "size_max": 47.05478763580322,
    "size_mean": 8.388915276863205,
    "size_min": 0.7471685409545898,
    "total_size": 3573.6779079437256
}