{
    "available_space": true,
    "id": "l1",
    "size_max": 47.05478763580322,
    "size_mean": 9.183621323626975,
    "size_min": 0.8503589630126953,
    "total_size": 633.6698713302612
}