{
    "available_space": true,
    "id": "l1",
    "size_max": 47.05478763580322,
    "size_mean": 9.002837293288287,
    "size_min": 0.8503589630126953,
    "total_size": 612.1929359436035
}